[
  {
    "name": "Matei Incruntatul",
    "age": "12",
    "pokemons": [
      {
        "name": "Snorlax",
        "hp": "62",
        "hasSpecialAtt": "false",
        "attack": "3",
        "defence": "6",
        "specialDefence": "4",
        "abilities": [
          {
            "damage": "4",
            "stun": "true",
            "dodge": "false",
            "cooldown": "5"
          },
          {
            "damage": "0",
            "stun": "false",
            "dodge": "true",
            "cooldown": "5"
          }
        ],
        "items": [
          {
            "name": "scut",
            "defence_bonus": "2",
            "specialDef_bonus": "2"
          }
        ]
      },
      {
        "name": "Bulbasaur",
        "hp": "42",
        "hasSpecialAtt": "true",
        "attack": "5",
        "defence": "3",
        "specialDefence": "1",
        "abilities": [
          {
            "damage": "6",
            "stun": "false",
            "dodge": "false",
            "cooldown": "4"
          },
          {
            "damage": "5",
            "stun": "false",
            "dodge": "false",
            "cooldown": "3"
          }
        ],
        "items": [
          {
            "name": "brad de craciun",
            "attack_bonus": "3",
            "defence_bonus": "1"
          },
          {
            "name": "pelerina",
            "specialDef_bonus": "3"
          }
        ]
      },
      {
        "name": "Vulpix",
        "hp": "36",
        "hasSpecialAtt": "false",
        "attack": "5",
        "defence": "2",
        "specialDefence": "4",
        "abilities": [
          {
            "damage": "8",
            "stun": "true",
            "dodge": "false",
            "cooldown": "6"
          },
          {
            "damage": "2",
            "stun": "false",
            "dodge": "true",
            "cooldown": "7"
          }
        ],
        "items": [
          {
            "name": "sabiuta",
            "attack_bonus": "3"
          },
          {
            "name": "bagheta magica",
            "specialAtt_bonus": "3"
          }
        ]
      }
    ]
  },
  {
    "name": "C. Narnia",
    "age": "12",
    "pokemons": [
      {

        "name": "Pikachu",
        "hp": "35",
        "hasSpecialAtt": "true",
        "attack": "4",
        "defence": "2",
        "specialDefence": "3",
        "abilities": [
          {
            "damage": "6",
            "stun": "false",
            "dodge": "false",
            "cooldown": "4"
          },
          {
            "damage": "4",
            "stun": "true",
            "dodge": "true",
            "cooldown": "5"
          }
        ],
      "items":
      [
        {
          "name": "pelerina",
          "specialDef_bonus": "3"
        },
        {
          "name": "vesta",
          "hp_bonus": "10"
        }
      ]
  },
  {
    "name": "Vulpix",
    "hp": "36",
    "hasSpecialAtt": "false",
    "attack": "5",
    "defence": "2",
    "specialDefence": "4",
    "abilities": [
      {
        "damage": "8",
        "stun": "true",
        "dodge": "false",
        "cooldown": "6"
      },
      {
        "damage": "2",
        "stun": "false",
        "dodge": "true",
        "cooldown": "7"
      }
    ],
    "items": [
      {
        "name": "vesta",
        "hp_bonus": "10"
      },
      {
        "name": "scut",
        "defence_bonus": "2",
        "specialDef_bonus": "2"
      }
    ]
  },
  {
    "name": "Meowth",
    "hp": "41",
    "hasSpecialAtt": "false",
    "attack": "3",
    "defence": "4",
    "specialDefence": "2",
    "abilities": [
      {
        "damage": "5",
        "stun": "false",
        "dodge": "true",
        "cooldown": "4"
      },
      {
        "damage": "1",
        "stun": "false",
        "dodge": "true",
        "cooldown": "3"
      }
    ],
    "items": [
      {
        "name": "brad de craciun",
        "attack_bonus": "3",
        "defence_bonus": "1"
      },
      {
        "name": "vitamine",
        "hp_bonus": "2",
        "attack_bonus": "2",
        "specialAtt_bonus": "2"
      },
      {
        "name": "vesta",
        "hp_bonus": "10"
      }
    ]
  }
]
}
]