[
  {
    "name": "Anonimus",
    "age": "9",
    "pokemons": [
      {
        "name": "Psyduck",
        "hp": "43",
        "hasSpecialAtt": "false",
        "attack": "3",
        "defence": "3",
        "specialDefence": "3",
        "abilities": [
          {
            "damage": "2",
            "stun": "false",
            "dodge": "false",
            "cooldown": "4"
          },
          {
            "damage": "2",
            "stun": "true",
            "dodge": "false",
            "cooldown": "5"
          }
        ],
        "items": [
          {
            "name": "vesta",
            "hp_bonus": "10"
          },
          {
            "name": "vitamine",
            "hp_bonus": "2",
            "attack_bonus": "2",
            "specialAtt_bonus": "2"
          },
          {
            "name": "brad de craciun",
            "attack_bonus": "3",
            "defence_bonus": "1"
          }
        ]
      },
      {
        "name": "Eevee",
        "hp": "39",
        "hasSpecialAtt": "true",
        "attack": "4",
        "defence": "3",
        "specialDefence": "3",
        "abilities": [
          {
            "damage": "5",
            "stun": "false",
            "dodge": "false",
            "cooldown": "3"
          },
          {
            "damage": "3",
            "stun": "true",
            "dodge": "false",
            "cooldown": "3"
          }
        ],
        "items": [
          {
            "name": "scut",
            "defence_bonus": "2",
            "specialDef_bonus": "2"
          },
          {
            "name": "vesta",
            "hp_bonus": "10"
          }
        ]
      },
      {
        "name": "Bulbasaur",
        "hp": "42",
        "hasSpecialAtt": "true",
        "attack": "5",
        "defence": "3",
        "specialDefence": "1",
        "abilities": [
          {
            "damage": "6",
            "stun": "false",
            "dodge": "false",
            "cooldown": "4"
          },
          {
            "damage": "5",
            "stun": "false",
            "dodge": "false",
            "cooldown": "3"
          }
        ]
      }
    ]
  },
  {
    "name": "Bad at'Names",
    "age": "11",
    "pokemons": [
      {
        "name": "Vulpix",
        "hp": "36",
        "hasSpecialAtt": "false",
        "attack": "5",
        "defence": "2",
        "specialDefence": "4",
        "abilities": [
          {
            "damage": "8",
            "stun": "true",
            "dodge": "false",
            "cooldown": "6"
          },
          {
            "damage": "2",
            "stun": "false",
            "dodge": "true",
            "cooldown": "7"
          }
        ],
        "items": [
          {
            "name": "sabiuta",
            "attack_bonus": "3"
          }
        ]
      },
      {
        "name": "Meowth",
        "hp": "41",
        "hasSpecialAtt": "false",
        "attack": "3",
        "defence": "4",
        "specialDefence": "2",
        "abilities": [
          {
            "damage": "5",
            "stun": "false",
            "dodge": "true",
            "cooldown": "4"
          },
          {
            "damage": "1",
            "stun": "false",
            "dodge": "true",
            "cooldown": "3"
          }
        ],
        "items": [
          {
            "name": "sabiuta",
            "attack_bonus": "3"
          },
          {
            "name": "brad de craciun",
            "attack_bonus": "3",
            "defence_bonus": "1"
          }
        ]
      },
      {
        "name": "Jigglypuff",
        "hp": "34",
        "hasSpecialAtt": "false",
        "attack": "4",
        "defence": "2",
        "specialDefence": "3",
        "abilities": [
          {
            "damage": "4",
            "stun": "true",
            "dodge": "false",
            "cooldown": "4"
          },
          {
            "damage": "3",
            "stun": "true",
            "dodge": "false",
            "cooldown": "4"
          }
        ],
        "items": [
          {
            "name": "scut",
            "defence_bonus": "2",
            "specialDef_bonus": "2"
          },
          {
            "name": "pelerina",
            "specialDef_bonus": "3"
          }
        ]
      }
    ]
  }
]